"tanggal","TEST_NAME","jumlah"
"2021-05",Anti HBs,1
"2021-05",Antibody IgG & IgM SARS-CoV-2,14
"2021-05",Antigen SARS-CoV-2 ,584
"2021-05",Asam Urat,5
"2021-05",Basofil,3
"2021-05",Berat Jenis,2
"2021-05",Bilirubin,2
"2021-05",Darah Samar,2
"2021-05",Eosinofil,3
"2021-05",Epitel,2
"2021-05",Eritrosit,5
"2021-05",Esterase Lekosit,2
"2021-05",Glukosa,2
"2021-05",Glukosa Darah Puasa,4
"2021-05",Glukosa Darah Sewaktu,3
"2021-05",Hasil,62
"2021-05",HbA1C,2
"2021-05",Hematokrit,3
"2021-05",Hemoglobin,3
"2021-05",Jamur,2
"2021-05",Kejernihan,2
"2021-05",Keton,2
"2021-05",Kolesterol HDL,4
"2021-05",Kolesterol LDL Direk,4
"2021-05",Kolesterol Total,10
"2021-05",Kreatinin,1
"2021-05",Kristal,2
"2021-05",Laju Endap Darah (LED),2
"2021-05",Lekosit,5
"2021-05",Limfosit,3
"2021-05",MCH,3
"2021-05",MCHC,3
"2021-05",MCV,3
"2021-05",Monosit,3
"2021-05",Neutrofil,3
"2021-05",Nitrit,2
"2021-05",pH,2
"2021-05",Protein,2
"2021-05",RDW,3
"2021-05",SARS-CoV2 Antibody (Kuantitatif),1
"2021-05",Silinder,2
"2021-05",Trigliserida,7
"2021-05",Trombosit,3
"2021-05",Ureum,1
"2021-05",Urobilinogen,2
"2021-05",Warna,2
"2021-06",Anti HIV Rapid Kualiatif,1
"2021-06",Antibody IgG & IgM SARS-CoV-2,43
"2021-06",Antigen SARS-CoV-2 ,3208
"2021-06",Asam Urat,5
"2021-06",Basofil,13
"2021-06",Berat Jenis,3
"2021-06",Bilirubin,3
"2021-06",CK - MB,1
"2021-06",D-dimer,3
"2021-06",Darah Samar,3
"2021-06",Dengue NS 1 Ag,1
"2021-06",eGFR,1
"2021-06",Eosinofil,13
"2021-06",Epitel,3
"2021-06",Eritrosit,16
"2021-06",Esterase Lekosit,3
"2021-06",Glukosa,3
"2021-06",Glukosa Darah 2 Jam PP,2
"2021-06",Glukosa Darah Puasa,6
"2021-06",Glukosa Darah Sewaktu,4
"2021-06",Hasil,812
"2021-06",HbA1C,2
"2021-06",HBsAg,1
"2021-06",HBsAg Rapid,5
"2021-06",Hematokrit,13
"2021-06",Hemoglobin,13
"2021-06",Jamur,3
"2021-06",Kejernihan,3
"2021-06",Keton,3
"2021-06",Kolesterol HDL,6
"2021-06",Kolesterol LDL,3
"2021-06",Kolesterol LDL Direk,3
"2021-06",Kolesterol Total,7
"2021-06",Kreatinin,1
"2021-06",Kristal,3
"2021-06",Laju Endap Darah (LED),8
"2021-06",LDH,1
"2021-06",Lekosit,16
"2021-06",Limfosit,13
"2021-06",MCH,13
"2021-06",MCHC,13
"2021-06",MCV,13
"2021-06",Monosit,13
"2021-06",Neutrofil,13
"2021-06",Nitrit,3
"2021-06",pH,3
"2021-06",Protein,3
"2021-06",RDW,13
"2021-06",S. Parathyphi CH (Widal),1
"2021-06",S. Paratyphi AH (Widal),1
"2021-06",S. Paratyphi AO (Widal),1
"2021-06",S. Paratyphi BH (Widal),1
"2021-06",S. Paratyphi BO (Widal),1
"2021-06",S. Paratyphi CO (Widal),1
"2021-06",S. Typhi H (Widal),1
"2021-06",S. Typhi O (Widal),1
"2021-06",SARS-CoV2 Antibody (Kuantitatif),8
"2021-06",SGOT,2
"2021-06",SGPT,2
"2021-06",Silinder,3
"2021-06",TPHA,2
"2021-06",Trigliserida,6
"2021-06",Trombosit,13
"2021-06",Ureum,1
"2021-06",Urobilinogen,3
"2021-06",VDRL,1
"2021-06",Warna,3
"2021-07",Antibody IgG & IgM SARS-CoV-2,44
"2021-07",Antigen SARS-CoV-2 ,2614
"2021-07",Asam Urat,6
"2021-07",Basofil,18
"2021-07",Berat Jenis,1
"2021-07",Bilirubin,1
"2021-07",D-dimer,2
"2021-07",Darah Samar,1
"2021-07",eGFR,1
"2021-07",Eosinofil,18
"2021-07",Epitel,1
"2021-07",Eritrosit,19
"2021-07",Esterase Lekosit,1
"2021-07",Glukosa,1
"2021-07",Glukosa Darah Puasa,7
"2021-07",Glukosa Darah Sewaktu,3
"2021-07",Hasil,1929
"2021-07",HbA1C,1
"2021-07",HBsAg Rapid,2
"2021-07",Hematokrit,18
"2021-07",Hemoglobin,18
"2021-07",Jamur,1
"2021-07",Kejernihan,1
"2021-07",Keton,1
"2021-07",Kolesterol HDL,7
"2021-07",Kolesterol LDL,5
"2021-07",Kolesterol LDL Direk,4
"2021-07",Kolesterol Total,9
"2021-07",Kreatinin,3
"2021-07",Kristal,1
"2021-07",Laju Endap Darah (LED),14
"2021-07",Lekosit,19
"2021-07",Limfosit,18
"2021-07",MCH,18
"2021-07",MCHC,18
"2021-07",MCV,18
"2021-07",Monosit,18
"2021-07",Neutrofil,18
"2021-07",Nitrit,1
"2021-07",pH,1
"2021-07",Protein,1
"2021-07",RDW,18
"2021-07",S. Parathyphi CH (Widal),4
"2021-07",S. Paratyphi AH (Widal),4
"2021-07",S. Paratyphi AO (Widal),4
"2021-07",S. Paratyphi BH (Widal),4
"2021-07",S. Paratyphi BO (Widal),4
"2021-07",S. Paratyphi CO (Widal),4
"2021-07",S. Typhi H (Widal),4
"2021-07",S. Typhi O (Widal),4
"2021-07",SARS-CoV2 Antibody (Kuantitatif),12
"2021-07",SGOT,3
"2021-07",SGPT,3
"2021-07",Silinder,1
"2021-07",Trigliserida,8
"2021-07",Trombosit,18
"2021-07",Ureum,3
"2021-07",Urobilinogen,1
"2021-07",Warna,1
"2021-08",Amphetamine,1
"2021-08",Anti HIV Rapid Kualiatif,1
"2021-08",Antibody IgG & IgM SARS-CoV-2,10
"2021-08",Antigen SARS-CoV-2 ,1057
"2021-08",APTT,1
"2021-08",Asam Urat,53
"2021-08",Basofil,61
"2021-08",Benzodiazepin,1
"2021-08",Berat Jenis,7
"2021-08",Bilirubin,7
"2021-08",Canabis / Mariyuana (THC),1
"2021-08",Cocaine,1
"2021-08",CRP Kuantitatif,2
"2021-08",D-dimer,6
"2021-08",Darah Samar,7
"2021-08",Dengue NS 1 Ag,1
"2021-08",eGFR,29
"2021-08",Eosinofil,61
"2021-08",Epitel,7
"2021-08",Eritrosit,68
"2021-08",Esterase Lekosit,7
"2021-08",Glukosa,7
"2021-08",Glukosa Darah 2 Jam PP,5
"2021-08",Glukosa Darah Puasa,49
"2021-08",Glukosa Darah Sewaktu,3
"2021-08",Hasil,1239
"2021-08",HbA1C,31
"2021-08",HBsAg,1
"2021-08",HBsAg Rapid,3
"2021-08",Hematokrit,61
"2021-08",Hemoglobin,61
"2021-08",Jamur,7
"2021-08",Kejernihan,7
"2021-08",Keton,7
"2021-08",Kolesterol HDL,46
"2021-08",Kolesterol LDL,46
"2021-08",Kolesterol LDL Direk,1
"2021-08",Kolesterol Total,48
"2021-08",Kreatinin,35
"2021-08",Kristal,7
"2021-08",Laju Endap Darah (LED),51
"2021-08",Lekosit,68
"2021-08",Limfosit,61
"2021-08",MCH,61
"2021-08",MCHC,61
"2021-08",MCV,61
"2021-08",Metamphetamine,1
"2021-08",Monosit,61
"2021-08",Morphine,1
"2021-08",Neutrofil,61
"2021-08",Nitrit,7
"2021-08",NLR,8
"2021-08",pH,7
"2021-08",Protein,7
"2021-08",Protrombine Time (PT),1
"2021-08",RDW,61
"2021-08",S. Parathyphi CH (Widal),6
"2021-08",S. Paratyphi AH (Widal),6
"2021-08",S. Paratyphi AO (Widal),6
"2021-08",S. Paratyphi BH (Widal),6
"2021-08",S. Paratyphi BO (Widal),6
"2021-08",S. Paratyphi CO (Widal),6
"2021-08",S. Typhi H (Widal),6
"2021-08",S. Typhi O (Widal),6
"2021-08",SARS-CoV2 Antibody (Kuantitatif),36
"2021-08",SGOT,33
"2021-08",SGPT,33
"2021-08",Silinder,7
"2021-08",TPHA,1
"2021-08",Trigliserida,48
"2021-08",Trombosit,61
"2021-08",Ureum,32
"2021-08",Urobilinogen,7
"2021-08",VDRL,1
"2021-08",Vitamin D 25 OH,10
"2021-08",Warna,7
"2021-09",Albumin,2
"2021-09",Amphetamine,17
"2021-09",Anti HIV Rapid Kualiatif,4
"2021-09",Antibody IgG & IgM SARS-CoV-2,3
"2021-09",Antigen SARS-CoV-2 ,1570
"2021-09",APTT,2
"2021-09",Asam Urat,16
"2021-09",Bakteri,12
"2021-09",Basofil,45
"2021-09",Benzodiazepin,17
"2021-09",Berat Jenis,12
"2021-09",Bilirubin,12
"2021-09",Canabis / Mariyuana (THC),17
"2021-09",Cocaine,17
"2021-09",CRP Kuantitatif,3
"2021-09",D-dimer,6
"2021-09",Darah Samar,12
"2021-09",Dengue NS 1 Ag,2
"2021-09",eGFR,11
"2021-09",Eosinofil,45
"2021-09",Epitel,12
"2021-09",Eritrosit,57
"2021-09",Esterase Lekosit,12
"2021-09",Glukosa,12
"2021-09",Glukosa Darah 2 Jam PP,5
"2021-09",Glukosa Darah Puasa,20
"2021-09",Glukosa Darah Sewaktu,5
"2021-09",Hasil,939
"2021-09",HbA1C,18
"2021-09",HBsAg Rapid,5
"2021-09",Hematokrit,45
"2021-09",Hemoglobin,45
"2021-09",Jamur,12
"2021-09",Kejernihan,12
"2021-09",Keton,12
"2021-09",Kolesterol HDL,17
"2021-09",Kolesterol LDL,12
"2021-09",Kolesterol LDL Direk,5
"2021-09",Kolesterol Total,19
"2021-09",Kreatinin,20
"2021-09",Kristal,12
"2021-09",Laju Endap Darah (LED),26
"2021-09",Lekosit,57
"2021-09",Limfosit,45
"2021-09",Masa Pembekuan (CT),1
"2021-09",Masa Perdarahan (BT),1
"2021-09",MCH,45
"2021-09",MCHC,45
"2021-09",MCV,45
"2021-09",Metamphetamine,17
"2021-09",Monosit,45
"2021-09",Morphine,17
"2021-09",Neutrofil,45
"2021-09",Nitrit,12
"2021-09",NLR,45
"2021-09",pH,12
"2021-09",Protein,12
"2021-09",Protrombine Time (PT),2
"2021-09",RDW,45
"2021-09",S. Parathyphi CH (Widal),3
"2021-09",S. Paratyphi AH (Widal),3
"2021-09",S. Paratyphi AO (Widal),3
"2021-09",S. Paratyphi BH (Widal),3
"2021-09",S. Paratyphi BO (Widal),3
"2021-09",S. Paratyphi CO (Widal),3
"2021-09",S. Typhi H (Widal),3
"2021-09",S. Typhi O (Widal),3
"2021-09",SARS-CoV2 Antibody (Kuantitatif),10
"2021-09",SGOT,18
"2021-09",SGPT,18
"2021-09",Silinder,12
"2021-09",Total Protein,1
"2021-09",Trigliserida,17
"2021-09",Trombosit,45
"2021-09",Ureum,16
"2021-09",Urobilinogen,12
"2021-09",Vitamin D 25 OH,10
"2021-09",Warna,12
"2021-10",Albumin,1
"2021-10",Alkali Fosfatase,1
"2021-10",Amphetamine,8
"2021-10",Anti HIV Rapid Kualiatif,4
"2021-10",Antigen SARS Cov-19 Nasal,8
"2021-10",Antigen SARS-CoV-2 ,1811
"2021-10",APTT,1
"2021-10",Asam Urat,17
"2021-10",Bakteri,8
"2021-10",Basofil,42
"2021-10",Benzodiazepin,8
"2021-10",Berat Jenis,8
"2021-10",Bilirubin,8
"2021-10",Canabis / Mariyuana (THC),8
"2021-10",Cocaine,8
"2021-10",D-dimer,2
"2021-10",Darah Samar,8
"2021-10",Eosinofil,42
"2021-10",Epitel,8
"2021-10",Eritrosit,50
"2021-10",Esterase Lekosit,8
"2021-10",Free T4 (FT4),1
"2021-10",Glukosa,8
"2021-10",Glukosa Darah 2 Jam PP,5
"2021-10",Glukosa Darah Puasa,19
"2021-10",Glukosa Darah Sewaktu,10
"2021-10",Hasil,1411
"2021-10",HbA1C,8
"2021-10",HBsAg Rapid,6
"2021-10",Hematokrit,42
"2021-10",Hemoglobin,42
"2021-10",Hs-CRP,1
"2021-10",Jamur,8
"2021-10",Kalium (K),1
"2021-10",Kalsium (Ca),1
"2021-10",Kejernihan,8
"2021-10",Keton,8
"2021-10",Klorida (Cl),1
"2021-10",Kolesterol HDL,14
"2021-10",Kolesterol LDL Direk,15
"2021-10",Kolesterol Total,21
"2021-10",Kreatinin,11
"2021-10",Kristal,8
"2021-10",Laju Endap Darah (LED),14
"2021-10",Lekosit,50
"2021-10",Limfosit,42
"2021-10",Masa Pembekuan (CT),1
"2021-10",Masa Perdarahan (BT),2
"2021-10",MCH,42
"2021-10",MCHC,42
"2021-10",MCV,42
"2021-10",Metamphetamine,8
"2021-10",Monosit,42
"2021-10",Morphine,8
"2021-10",Natrium (Na),1
"2021-10",Neutrofil,42
"2021-10",Nitrit,8
"2021-10",NLR,42
"2021-10",pH,8
"2021-10",Protein,8
"2021-10",Protrombine Time (PT),1
"2021-10",RDW,42
"2021-10",S. Parathyphi CH (Widal),4
"2021-10",S. Paratyphi AH (Widal),4
"2021-10",S. Paratyphi AO (Widal),4
"2021-10",S. Paratyphi BH (Widal),4
"2021-10",S. Paratyphi BO (Widal),4
"2021-10",S. Paratyphi CO (Widal),4
"2021-10",S. Typhi H (Widal),4
"2021-10",S. Typhi O (Widal),4
"2021-10",SARS-CoV2 Antibody (Kuantitatif),6
"2021-10",SGOT,5
"2021-10",SGPT,5
"2021-10",Silinder,8
"2021-10",Total Protein,1
"2021-10",Trigliserida,16
"2021-10",Trombosit,42
"2021-10",TSHs,1
"2021-10",Ureum,8
"2021-10",Urobilinogen,8
"2021-10",Vitamin D 25 OH,2
"2021-10",Warna,8
"2021-11",Albumin,1
"2021-11",Alkali Fosfatase,1
"2021-11",Alkohol,1
"2021-11",Amphetamine,6
"2021-11",Anti CMV IgM,1
"2021-11",Anti HBs,2
"2021-11",Anti HCV,2
"2021-11",Anti HIV Rapid Kualiatif,4
"2021-11",Anti HSV II IgM,1
"2021-11",Anti Rubella IgM,1
"2021-11",Anti Toxoplasma IgM,1
"2021-11",Antibody IgG & IgM SARS-CoV-2,1
"2021-11",Antigen SARS Cov-19 Nasal,57
"2021-11",Antigen SARS-CoV-2 ,2474
"2021-11",APTT,1
"2021-11",Asam Urat,20
"2021-11",Bakteri,13
"2021-11",Basofil,55
"2021-11",Benzodiazepin,6
"2021-11",Berat Jenis,13
"2021-11",Bilirubin,13
"2021-11",Bilirubin Direk,1
"2021-11",Bilirubin Indirek,1
"2021-11",Bilirubin Total,1
"2021-11",Canabis / Mariyuana (THC),6
"2021-11",Cocaine,6
"2021-11",CRP Kuantitatif,1
"2021-11",D-dimer,1
"2021-11",Darah Samar,13
"2021-11",Dengue NS 1 Ag,2
"2021-11",Eosinofil,55
"2021-11",Epitel,13
"2021-11",Eritrosit,68
"2021-11",Esterase Lekosit,13
"2021-11",Ferritin,1
"2021-11",Gamma GT,1
"2021-11",Glukosa,13
"2021-11",Glukosa Darah 2 Jam PP,5
"2021-11",Glukosa Darah Puasa,16
"2021-11",Glukosa Darah Sewaktu,9
"2021-11",Hasil,843
"2021-11",HbA1C,6
"2021-11",HBsAg,1
"2021-11",HBsAg Rapid,4
"2021-11",Hematokrit,55
"2021-11",Hemoglobin,55
"2021-11",Jamur,13
"2021-11",Kalsium (Ca),1
"2021-11",Kejernihan,13
"2021-11",Keton,13
"2021-11",Kolesterol HDL,18
"2021-11",Kolesterol LDL Direk,19
"2021-11",Kolesterol Total,25
"2021-11",Kreatinin,14
"2021-11",Kristal,13
"2021-11",Laju Endap Darah (LED),31
"2021-11",Lekosit,68
"2021-11",Limfosit,55
"2021-11",Limfosit Absolut,30
"2021-11",MCH,55
"2021-11",MCHC,55
"2021-11",MCV,55
"2021-11",Metamphetamine,6
"2021-11",Monosit,55
"2021-11",Morphine,6
"2021-11",Neutrofil,55
"2021-11",Neutrofil Absolut,30
"2021-11",Nitrit,13
"2021-11",NLR,55
"2021-11",pH,13
"2021-11",Protein,13
"2021-11",RDW,55
"2021-11",Rheumatoid Faktor (RF),2
"2021-11",S. Parathyphi CH (Widal),5
"2021-11",S. Paratyphi AH (Widal),5
"2021-11",S. Paratyphi AO (Widal),5
"2021-11",S. Paratyphi BH (Widal),5
"2021-11",S. Paratyphi BO (Widal),5
"2021-11",S. Paratyphi CO (Widal),5
"2021-11",S. Typhi H (Widal),5
"2021-11",S. Typhi O (Widal),5
"2021-11",SARS-CoV2 Antibody (Kuantitatif),3
"2021-11",SGOT,9
"2021-11",SGPT,10
"2021-11",Silinder,13
"2021-11",TPHA,1
"2021-11",Trigliserida,18
"2021-11",Trombosit,55
"2021-11",TSHs,1
"2021-11",Ureum,13
"2021-11",Urobilinogen,13
"2021-11",VDRL,3
"2021-11",Vitamin D 25 OH,5
"2021-11",Warna,13
"2021-12",ACA IgG,1
"2021-12",ACA IgM,1
"2021-12",Albumin,2
"2021-12",Alkali Fosfatase,1
"2021-12",Amphetamine,1
"2021-12",Anti HBs,1
"2021-12",Anti HIV Rapid Kualiatif,8
"2021-12",Anti Toxoplasma IgM,1
"2021-12",Antibody IgG & IgM SARS-CoV-2,1
"2021-12",Antigen SARS Cov-19 Nasal,1577
"2021-12",Antigen SARS-CoV-2 ,1166
"2021-12",Asam Urat,13
"2021-12",Bakteri,19
"2021-12",Basofil,69
"2021-12",Benzodiazepin,1
"2021-12",Berat Jenis,19
"2021-12",Bilirubin,19
"2021-12",Bilirubin Direk,1
"2021-12",Bilirubin Indirek,1
"2021-12",Bilirubin Total,1
"2021-12",Canabis / Mariyuana (THC),1
"2021-12",Cocaine,1
"2021-12",D-dimer,4
"2021-12",Darah Samar,19
"2021-12",Eosinofil,69
"2021-12",Epitel,19
"2021-12",Eritrosit,88
"2021-12",Esterase Lekosit,19
"2021-12",Ferritin,1
"2021-12",Gamma GT,1
"2021-12",Glukosa,19
"2021-12",Glukosa Darah 2 Jam PP,1
"2021-12",Glukosa Darah Puasa,14
"2021-12",Glukosa Darah Sewaktu,16
"2021-12",Hasil,656
"2021-12",HbA1C,4
"2021-12",HBsAg Rapid,11
"2021-12",Hematokrit,69
"2021-12",Hemoglobin,69
"2021-12",Jamur,19
"2021-12",Kalsium (Ca),1
"2021-12",Kejernihan,19
"2021-12",Keton,19
"2021-12",Kolesterol HDL,13
"2021-12",Kolesterol LDL Direk,15
"2021-12",Kolesterol Total,21
"2021-12",Kreatinin,6
"2021-12",Kristal,19
"2021-12",Laju Endap Darah (LED),30
"2021-12",Lekosit,88
"2021-12",Limfosit,69
"2021-12",Limfosit Absolut,30
"2021-12",Masa Pembekuan (CT),1
"2021-12",Masa Perdarahan (BT),1
"2021-12",MCH,69
"2021-12",MCHC,69
"2021-12",MCV,69
"2021-12",Metamphetamine,1
"2021-12",Monosit,69
"2021-12",Morphine,1
"2021-12",Neutrofil,69
"2021-12",Neutrofil Absolut,30
"2021-12",Nitrit,19
"2021-12",NLR,69
"2021-12",pH,19
"2021-12",Protein,19
"2021-12",RDW,69
"2021-12",Rheumatoid Faktor (RF),1
"2021-12",S. Parathyphi CH (Widal),13
"2021-12",S. Paratyphi AH (Widal),13
"2021-12",S. Paratyphi AO (Widal),13
"2021-12",S. Paratyphi BH (Widal),13
"2021-12",S. Paratyphi BO (Widal),13
"2021-12",S. Paratyphi CO (Widal),13
"2021-12",S. Typhi H (Widal),13
"2021-12",S. Typhi O (Widal),13
"2021-12",SARS-CoV2 Antibody (Kuantitatif),6
"2021-12",SGOT,6
"2021-12",SGPT,5
"2021-12",Silinder,19
"2021-12",TPHA,3
"2021-12",Trigliserida,15
"2021-12",Trombosit,69
"2021-12",Ureum,5
"2021-12",Urobilinogen,19
"2021-12",VDRL,4
"2021-12",Vitamin D 25 OH,2
"2021-12",Warna,19
"2022-01",Albumin,1
"2022-01",Amphetamine,3
"2022-01",Anti Dengue IgG,3
"2022-01",Anti Dengue IgM,3
"2022-01",Anti HIV Rapid Kualiatif,2
"2022-01",Antigen SARS Cov-19 Nasal,225
"2022-01",Antigen SARS-CoV-2 ,2870
"2022-01",Asam Urat,11
"2022-01",Bakteri,5
"2022-01",Basofil,62
"2022-01",Benzodiazepin,3
"2022-01",Berat Jenis,5
"2022-01",Beta HCG Darah,2
"2022-01",Bilirubin,5
"2022-01",Canabis / Mariyuana (THC),3
"2022-01",Cocaine,3
"2022-01",Cortisol Pagi,1
"2022-01",D-dimer,1
"2022-01",Darah Samar,5
"2022-01",eGFR,1
"2022-01",Eosinofil,62
"2022-01",Epitel,5
"2022-01",Eritrosit,67
"2022-01",Esterase Lekosit,5
"2022-01",Glukosa,5
"2022-01",Glukosa 2 Jam (GTT),1
"2022-01",Glukosa Darah 2 Jam PP,3
"2022-01",Glukosa Darah Puasa,17
"2022-01",Glukosa Darah Sewaktu,4
"2022-01",Glukosa Puasa (GTT),1
"2022-01",Hasil,1364
"2022-01",HbA1C,8
"2022-01",HBsAg Rapid,3
"2022-01",Hematokrit,62
"2022-01",Hemoglobin,62
"2022-01",Jamur,5
"2022-01",Kejernihan,5
"2022-01",Keton,5
"2022-01",Kolesterol HDL,17
"2022-01",Kolesterol LDL Direk,18
"2022-01",Kolesterol Total,22
"2022-01",Kreatinin,6
"2022-01",Kristal,5
"2022-01",Laju Endap Darah (LED),32
"2022-01",Lekosit,67
"2022-01",Limfosit,62
"2022-01",Limfosit Absolut,32
"2022-01",Masa Pembekuan (CT),1
"2022-01",Masa Perdarahan (BT),1
"2022-01",MCH,62
"2022-01",MCHC,62
"2022-01",MCV,62
"2022-01",Metamphetamine,3
"2022-01",Monosit,62
"2022-01",Morphine,3
"2022-01",Neutrofil,62
"2022-01",Neutrofil Absolut,32
"2022-01",Nitrit,5
"2022-01",NLR,62
"2022-01",pH,5
"2022-01",Protein,5
"2022-01",PSA Total,1
"2022-01",RDW,62
"2022-01",S. Parathyphi CH (Widal),19
"2022-01",S. Paratyphi AH (Widal),19
"2022-01",S. Paratyphi AO (Widal),19
"2022-01",S. Paratyphi BH (Widal),19
"2022-01",S. Paratyphi BO (Widal),19
"2022-01",S. Paratyphi CO (Widal),19
"2022-01",S. Typhi H (Widal),19
"2022-01",S. Typhi O (Widal),19
"2022-01",SARS-CoV2 Antibody (Kuantitatif),2
"2022-01",SGOT,12
"2022-01",SGPT,13
"2022-01",Silinder,5
"2022-01",Total Protein,1
"2022-01",Trigliserida,18
"2022-01",Trombosit,62
"2022-01",Ureum,5
"2022-01",Urobilinogen,5
"2022-01",Warna,5
"2022-02",Alkali Fosfatase,1
"2022-02",Amphetamine,7
"2022-02",Anti Dengue IgG,1
"2022-02",Anti Dengue IgM,1
"2022-02",Anti HIV Rapid Kualiatif,5
"2022-02",Antigen SARS Cov-19 Nasal,207
"2022-02",Antigen SARS-CoV-2 ,3567
"2022-02",Asam Urat,9
"2022-02",Bakteri,5
"2022-02",Basofil,35
"2022-02",Benzodiazepin,7
"2022-02",Berat Jenis,5
"2022-02",Bilirubin,5
"2022-02",Bilirubin Total,1
"2022-02",Canabis / Mariyuana (THC),7
"2022-02",CEA,1
"2022-02",Cocaine,7
"2022-02",CRP Kuantitatif,1
"2022-02",D-dimer,6
"2022-02",Darah Samar,5
"2022-02",Dengue NS 1 Ag,1
"2022-02",Diastole,1
"2022-02",eGFR,10
"2022-02",Eosinofil,35
"2022-02",Epitel,5
"2022-02",Eritrosit,40
"2022-02",Esterase Lekosit,5
"2022-02",Ferritin,2
"2022-02",Free T4 (FT4),1
"2022-02",Gamma GT,1
"2022-02",Glukosa,5
"2022-02",Glukosa Darah 2 Jam PP,5
"2022-02",Glukosa Darah Puasa,14
"2022-02",Glukosa Darah Sewaktu,4
"2022-02",Hasil,5286
"2022-02",HbA1C,8
"2022-02",HBsAg Rapid,5
"2022-02",Hematokrit,35
"2022-02",Hemoglobin,35
"2022-02",Interleukin 6 (IL- 6),2
"2022-02",Jamur,5
"2022-02",Kalium (K),1
"2022-02",Kejernihan,5
"2022-02",Keton,5
"2022-02",Klorida (Cl),1
"2022-02",Kolesterol HDL,13
"2022-02",Kolesterol LDL,7
"2022-02",Kolesterol LDL Direk,8
"2022-02",Kolesterol Total,19
"2022-02",Kreatinin,10
"2022-02",Kristal,5
"2022-02",Laju Endap Darah (LED),18
"2022-02",Lekosit,40
"2022-02",Limfosit,35
"2022-02",Limfosit Absolut,18
"2022-02",Masa Pembekuan (CT),1
"2022-02",Masa Perdarahan (BT),1
"2022-02",MCH,35
"2022-02",MCHC,35
"2022-02",MCV,35
"2022-02",Metamphetamine,7
"2022-02",Monosit,35
"2022-02",Morphine,7
"2022-02",Natrium (Na),1
"2022-02",Neutrofil,35
"2022-02",Neutrofil Absolut,18
"2022-02",Nitrit,5
"2022-02",NLR,35
"2022-02",pH,5
"2022-02",Protein,5
"2022-02",RDW,35
"2022-02",S. Parathyphi CH (Widal),9
"2022-02",S. Paratyphi AH (Widal),9
"2022-02",S. Paratyphi AO (Widal),9
"2022-02",S. Paratyphi BH (Widal),9
"2022-02",S. Paratyphi BO (Widal),9
"2022-02",S. Paratyphi CO (Widal),9
"2022-02",S. Typhi H (Widal),9
"2022-02",S. Typhi O (Widal),9
"2022-02",SARS-CoV2 Antibody (Kuantitatif),3
"2022-02",Serum Iron (S I),1
"2022-02",SGOT,10
"2022-02",SGPT,10
"2022-02",Silinder,5
"2022-02",Sistole,1
"2022-02",Testosteron,1
"2022-02",Total Iron Binding Capacity - TIBC,1
"2022-02",Total Protein,1
"2022-02",Trigliserida,14
"2022-02",Trombosit,35
"2022-02",TSHs,1
"2022-02",Ureum,8
"2022-02",Urobilinogen,5
"2022-02",VDRL,1
"2022-02",Vitamin D 25 OH,2
"2022-02",Warna,5
"2022-03",ACA IgM,1
"2022-03",Amoeba,1
"2022-03",Anti HIV Rapid Kualiatif,3
"2022-03",Anti HSV II IgM,1
"2022-03",Anti Rubella IgM,1
"2022-03",Anti S. Typhi IgM (Tubex),1
"2022-03",Anti Toxoplasma IgM,1
"2022-03",Antigen SARS Cov-19 Nasal,90
"2022-03",Antigen SARS-CoV-2 ,1552
"2022-03",APTT,2
"2022-03",Asam Urat,10
"2022-03",Bakteri,11
"2022-03",Basofil,37
"2022-03",Berat Jenis,11
"2022-03",Bilirubin,11
"2022-03",CD 4 %,1
"2022-03",CD 4 Absolut,1
"2022-03",CRP Kuantitatif,1
"2022-03",D-dimer,5
"2022-03",Darah Samar,11
"2022-03",Dengue NS 1 Ag,1
"2022-03",eGFR,7
"2022-03",Eosinofil,37
"2022-03",Epitel,11
"2022-03",Eritrosit,51
"2022-03",Esterase Lekosit,11
"2022-03",Ferritin,1
"2022-03",Fibrinogen,1
"2022-03",Free T4 (FT4),2
"2022-03",Glukosa,11
"2022-03",Glukosa Darah 2 Jam PP,5
"2022-03",Glukosa Darah Puasa,17
"2022-03",Glukosa Darah Sewaktu,8
"2022-03",Hasil,1655
"2022-03",HbA1C,3
"2022-03",HBsAg Kuanti,1
"2022-03",HBsAg Rapid,3
"2022-03",Hematokrit,37
"2022-03",Hemoglobin,37
"2022-03",Jamur,11
"2022-03",Kalium (K),3
"2022-03",Kalsium Ion,1
"2022-03",Kejernihan,11
"2022-03",Keton,11
"2022-03",Klorida (Cl),3
"2022-03",Kolesterol HDL,6
"2022-03",Kolesterol LDL Direk,6
"2022-03",Kolesterol Total,13
"2022-03",Konsistensi,2
"2022-03",Kreatinin,7
"2022-03",Kristal,11
"2022-03",Laju Endap Darah (LED),14
"2022-03",Lekosit,48
"2022-03",Leukosit,2
"2022-03",Limfosit,37
"2022-03",Limfosit Absolut,14
"2022-03",Masa Pembekuan (CT),2
"2022-03",Masa Perdarahan (BT),2
"2022-03",MCH,37
"2022-03",MCHC,37
"2022-03",MCV,37
"2022-03",Monosit,37
"2022-03",Natrium (Na),3
"2022-03",Neutrofil,37
"2022-03",Neutrofil Absolut,14
"2022-03",Nitrit,11
"2022-03",NLR,37
"2022-03",pH,11
"2022-03",Protein,11
"2022-03",Protrombine Time (PT),2
"2022-03",RDW,37
"2022-03",S. Parathyphi CH (Widal),6
"2022-03",S. Paratyphi AH (Widal),6
"2022-03",S. Paratyphi AO (Widal),6
"2022-03",S. Paratyphi BH (Widal),6
"2022-03",S. Paratyphi BO (Widal),6
"2022-03",S. Paratyphi CO (Widal),6
"2022-03",S. Typhi H (Widal),6
"2022-03",S. Typhi O (Widal),6
"2022-03",SGOT,4
"2022-03",SGPT,4
"2022-03",Silinder,11
"2022-03",Telur Cacing,3
"2022-03",Tiroglobulin (H TG),1
"2022-03",Trigliserida,7
"2022-03",Trombosit,37
"2022-03",TSHs,2
"2022-03",Ureum,7
"2022-03",Urobilinogen,11
"2022-03",Vitamin D 25 OH,2
"2022-03",Warna,13
"2022-04",Albumin,1
"2022-04",Amphetamine,4
"2022-04",Anti Dengue IgG,1
"2022-04",Anti Dengue IgM,1
"2022-04",Anti HAV IgM,1
"2022-04",Anti HCV,1
"2022-04",Anti HCV Rapid Kualitatif,1
"2022-04",Anti HIV Rapid Kualiatif,6
"2022-04",Anti S. Typhi IgM (Tubex),3
"2022-04",Anti Toxoplasma IgM,1
"2022-04",Antigen SARS Cov-19 Nasal,70
"2022-04",Antigen SARS-CoV-2 ,729
"2022-04",Asam Urat,14
"2022-04",Bakteri,19
"2022-04",Basofil,63
"2022-04",Benzodiazepin,4
"2022-04",Berat Jenis,19
"2022-04",Bilirubin,19
"2022-04",Bilirubin Direk,1
"2022-04",Bilirubin Indirek,1
"2022-04",Bilirubin Total,1
"2022-04",Canabis / Mariyuana (THC),4
"2022-04",CEA,1
"2022-04",Cocaine,4
"2022-04",CRP Kuantitatif,1
"2022-04",Darah Samar,20
"2022-04",Dengue NS 1 Ag,1
"2022-04",eGFR,13
"2022-04",Eosinofil,63
"2022-04",Epitel,19
"2022-04",Eritrosit,84
"2022-04",Esterase Lekosit,19
"2022-04",Ferritin,5
"2022-04",FSH,1
"2022-04",Gamma GT,1
"2022-04",Glukosa,19
"2022-04",Glukosa 2 Jam (GTT),2
"2022-04",Glukosa Darah 2 Jam PP,6
"2022-04",Glukosa Darah Puasa,18
"2022-04",Glukosa Darah Sewaktu,8
"2022-04",Glukosa Puasa (GTT),2
"2022-04",Hasil,503
"2022-04",HbA1C,5
"2022-04",HBsAg,1
"2022-04",HBsAg Rapid,6
"2022-04",Hematokrit,63
"2022-04",Hemoglobin,63
"2022-04",Jamur,19
"2022-04",Kejernihan,19
"2022-04",Keton,19
"2022-04",Kolesterol HDL,17
"2022-04",Kolesterol LDL,5
"2022-04",Kolesterol LDL Direk,12
"2022-04",Kolesterol Total,22
"2022-04",Konsistensi,2
"2022-04",Kreatinin,14
"2022-04",Kristal,19
"2022-04",Laju Endap Darah (LED),29
"2022-04",Lekosit,82
"2022-04",Leukosit,2
"2022-04",Limfosit,63
"2022-04",Limfosit Absolut,29
"2022-04",Masa Pembekuan (CT),1
"2022-04",Masa Perdarahan (BT),1
"2022-04",MCH,63
"2022-04",MCHC,63
"2022-04",MCV,63
"2022-04",Metamphetamine,4
"2022-04",Monosit,63
"2022-04",Morphine,4
"2022-04",Neutrofil,63
"2022-04",Neutrofil Absolut,29
"2022-04",Nitrit,19
"2022-04",NLR,63
"2022-04",pH,19
"2022-04",Protein,19
"2022-04",RDW,63
"2022-04",S. Parathyphi CH (Widal),10
"2022-04",S. Paratyphi AH (Widal),10
"2022-04",S. Paratyphi AO (Widal),10
"2022-04",S. Paratyphi BH (Widal),10
"2022-04",S. Paratyphi BO (Widal),10
"2022-04",S. Paratyphi CO (Widal),10
"2022-04",S. Typhi H (Widal),10
"2022-04",S. Typhi O (Widal),10
"2022-04",SARS-CoV2 Antibody (Kuantitatif),1
"2022-04",Serum Iron (S I),1
"2022-04",SGOT,11
"2022-04",SGPT,12
"2022-04",Silinder,19
"2022-04",Telur Cacing,2
"2022-04",Total Iron Binding Capacity - TIBC,1
"2022-04",Total Protein,1
"2022-04",TPHA,2
"2022-04",Trigliserida,18
"2022-04",Trombosit,63
"2022-04",Ureum,12
"2022-04",Urobilinogen,19
"2022-04",VDRL,3
"2022-04",Vitamin D 25 OH,3
"2022-04",Warna,21
"2022-05",Aglutinasi,1
"2022-05",Albumin,1
"2022-05",Amphetamine,3
"2022-05",Anti HCV Rapid Kualitatif,1
"2022-05",Anti HIV Rapid Kualiatif,13
"2022-05",Anti Toxoplasma IgG,1
"2022-05",Anti Toxoplasma IgM,1
"2022-05",Antigen SARS Cov-19 Nasal,26
"2022-05",Antigen SARS-CoV-2 ,705
"2022-05",APTT,1
"2022-05",Asam Urat,28
"2022-05",Bakteri,16
"2022-05",Basofil,53
"2022-05",Benzodiazepin,3
"2022-05",Berat Jenis,16
"2022-05",Bilirubin,16
"2022-05",CA 125,1
"2022-05",Canabis / Mariyuana (THC),3
"2022-05",Cocaine,3
"2022-05",D-dimer,1
"2022-05",Darah Samar,16
"2022-05",eGFR,12
"2022-05",Eosinofil,53
"2022-05",Epitel,16
"2022-05",Eritrosit,69
"2022-05",Eritrosit ,1
"2022-05",Esterase Lekosit,16
"2022-05",Ferritin,3
"2022-05",Gamma GT,1
"2022-05",Glukosa,16
"2022-05",Glukosa 2 Jam (GTT),3
"2022-05",Glukosa Darah 2 Jam PP,5
"2022-05",Glukosa Darah Puasa,33
"2022-05",Glukosa Darah Sewaktu,13
"2022-05",Glukosa Puasa (GTT),3
"2022-05",Hasil,375
"2022-05",HbA1C,10
"2022-05",HBsAg,1
"2022-05",HBsAg Rapid,12
"2022-05",Hematokrit,53
"2022-05",Hemoglobin,53
"2022-05",Jamur,16
"2022-05",Jumlah Sperma,1
"2022-05",Kejernihan,16
"2022-05",Keton,16
"2022-05",Kolesterol HDL,30
"2022-05",Kolesterol LDL,26
"2022-05",Kolesterol LDL Direk,3
"2022-05",Kolesterol Total,35
"2022-05",Konsentrasi Sperma,1
"2022-05",Kreatinin,12
"2022-05",Kristal,16
"2022-05",Laju Endap Darah (LED),25
"2022-05",Lekosit,69
"2022-05",Lekosit ,1
"2022-05",Limfosit,53
"2022-05",Limfosit Absolut,25
"2022-05",Masa Pembekuan (CT),1
"2022-05",Masa Perdarahan (BT),1
"2022-05",MCH,53
"2022-05",MCHC,53
"2022-05",MCV,53
"2022-05",Metamphetamine,3
"2022-05",Monosit,53
"2022-05",Morfologi Sperma Normal,1
"2022-05",Morphine,3
"2022-05",Neutrofil,53
"2022-05",Neutrofil Absolut,25
"2022-05",Nitrit,16
"2022-05",NLR,53
"2022-05",pH,17
"2022-05",Protein,16
"2022-05",Protrombine Time (PT),1
"2022-05",RDW,53
"2022-05",S. Parathyphi CH (Widal),5
"2022-05",S. Paratyphi AH (Widal),5
"2022-05",S. Paratyphi AO (Widal),5
"2022-05",S. Paratyphi BH (Widal),5
"2022-05",S. Paratyphi BO (Widal),5
"2022-05",S. Paratyphi CO (Widal),5
"2022-05",S. Typhi H (Widal),5
"2022-05",S. Typhi O (Widal),5
"2022-05",SARS-CoV2 Antibody (Kuantitatif),1
"2022-05",SGOT,14
"2022-05",SGPT,15
"2022-05",Silinder,16
"2022-05",Total Protein,1
"2022-05",Trigliserida,32
"2022-05",Trombosit,53
"2022-05",Ureum,11
"2022-05",Urobilinogen,16
"2022-05",VDRL,1
"2022-05",Viabilitas Sperma,1
"2022-05",Viskositas,1
"2022-05",Volume Sperma,1
"2022-05",Waktu Likuifaksi,1
"2022-05",Warna,16
"2022-05",Warna Sperma,1
"2022-06",Aglutinasi,1
"2022-06",Albumin,1
"2022-06",Amphetamine,8
"2022-06",Anti HCV Rapid Kualitatif,4
"2022-06",Anti HIV Rapid Kualiatif,11
"2022-06",Anti Mulerian Hormon (AMH),1
"2022-06",Antigen SARS Cov-19 Nasal,33
"2022-06",Antigen SARS-CoV-2 ,492
"2022-06",APTT,3
"2022-06",Asam Urat,8
"2022-06",Bakteri,23
"2022-06",Basofil,61
"2022-06",Benzodiazepin,8
"2022-06",Berat Jenis,23
"2022-06",Bilirubin,23
"2022-06",Bilirubin Direk,1
"2022-06",Bilirubin Indirek,1
"2022-06",Bilirubin Total,2
"2022-06",Canabis / Mariyuana (THC),8
"2022-06",CEA,1
"2022-06",Cocaine,8
"2022-06",D-dimer,1
"2022-06",Darah Samar,23
"2022-06",Diastole,1
"2022-06",eGFR,15
"2022-06",Eosinofil,61
"2022-06",Epitel,23
"2022-06",Eritrosit,85
"2022-06",Eritrosit ,1
"2022-06",Esterase Lekosit,23
"2022-06",Estradiol,1
"2022-06",Ferritin,3
"2022-06",FSH,2
"2022-06",Gamma GT,1
"2022-06",Glukosa,23
"2022-06",Glukosa 2 Jam (GTT),2
"2022-06",Glukosa Darah 2 Jam PP,7
"2022-06",Glukosa Darah Puasa,12
"2022-06",Glukosa Darah Sewaktu,12
"2022-06",Glukosa Puasa (GTT),2
"2022-06",Hasil,309
"2022-06",HbA1C,3
"2022-06",HBsAg Rapid,12
"2022-06",Hematokrit,61
"2022-06",Hemoglobin,61
"2022-06",Homosistein,1
"2022-06",Jamur,23
"2022-06",Jumlah Sperma,1
"2022-06",Kalium (K),3
"2022-06",Kalsium Ion,1
"2022-06",Kejernihan,23
"2022-06",Keton,23
"2022-06",Klorida (Cl),3
"2022-06",Kolesterol HDL,12
"2022-06",Kolesterol LDL Direk,13
"2022-06",Kolesterol Total,14
"2022-06",Konsentrasi Sperma,1
"2022-06",Konsistensi,1
"2022-06",Kreatinin,15
"2022-06",Kristal,23
"2022-06",Laju Endap Darah (LED),28
"2022-06",LDH,1
"2022-06",Lekosit,84
"2022-06",Lekosit ,1
"2022-06",Leukosit,1
"2022-06",LH,2
"2022-06",Limfosit,61
"2022-06",Limfosit Absolut,28
"2022-06",Lp (a),1
"2022-06",Masa Pembekuan (CT),2
"2022-06",Masa Perdarahan (BT),2
"2022-06",MCH,61
"2022-06",MCHC,61
"2022-06",MCV,61
"2022-06",Metamphetamine,8
"2022-06",Monosit,61
"2022-06",Morfologi Sperma Normal,1
"2022-06",Morphine,8
"2022-06",Natrium (Na),3
"2022-06",Neutrofil,61
"2022-06",Neutrofil Absolut,28
"2022-06",Nitrit,23
"2022-06",NLR,61
"2022-06",pH,24
"2022-06",Prolactin,1
"2022-06",Protein,23
"2022-06",Protrombine Time (PT),3
"2022-06",RDW,61
"2022-06",S. Parathyphi CH (Widal),13
"2022-06",S. Paratyphi AH (Widal),13
"2022-06",S. Paratyphi AO (Widal),13
"2022-06",S. Paratyphi BH (Widal),13
"2022-06",S. Paratyphi BO (Widal),13
"2022-06",S. Paratyphi CO (Widal),13
"2022-06",S. Typhi H (Widal),13
"2022-06",S. Typhi O (Widal),13
"2022-06",SGOT,10
"2022-06",SGPT,11
"2022-06",Silinder,23
"2022-06",Sistole,1
"2022-06",T4 (Total),1
"2022-06",Telur Cacing,1
"2022-06",Testosteron,1
"2022-06",TPHA,1
"2022-06",Trigliserida,13
"2022-06",Trombosit,61
"2022-06",TSH Neonatus,1
"2022-06",TSHs,1
"2022-06",Ureum,14
"2022-06",Urobilinogen,23
"2022-06",VDRL,1
"2022-06",Viabilitas Sperma,1
"2022-06",Viskositas,1
"2022-06",Vitamin D 25 OH,1
"2022-06",Volume Sperma,1
"2022-06",Waktu Likuifaksi,1
"2022-06",Warna,24
"2022-06",Warna Sperma,1
"2022-07",Albumin,2
"2022-07",Alfa Feto Protein (AFP),1
"2022-07",Amphetamine,17
"2022-07",Anti HBs,1
"2022-07",Anti HCV,1
"2022-07",Anti HIV Rapid Kualiatif,6
"2022-07",Antigen SARS Cov-19 Nasal,107
"2022-07",Antigen SARS-CoV-2 ,1107
"2022-07",APTT,3
"2022-07",Asam Urat,23
"2022-07",Bakteri,16
"2022-07",Bakteri (UR),1
"2022-07",Basofil,81
"2022-07",Benzodiazepin,17
"2022-07",Berat Jenis,16
"2022-07",Bilirubin,16
"2022-07",Bilirubin Bayi,1
"2022-07",Bilirubin Direk,4
"2022-07",Bilirubin Indirek,4
"2022-07",Bilirubin Total,5
"2022-07",Canabis / Mariyuana (THC),17
"2022-07",Cocaine,17
"2022-07",CRP Kuantitatif,1
"2022-07",D-dimer,1
"2022-07",Darah Samar,16
"2022-07",Dengue NS 1 Ag,2
"2022-07",eGFR,18
"2022-07",Eosinofil,81
"2022-07",Epitel,16
"2022-07",Epitel (UR),1
"2022-07",Eritrosit,100
"2022-07",Eritrosit (UR),1
"2022-07",Esterase Lekosit,16
"2022-07",Ferritin,4
"2022-07",Fibrinogen,2
"2022-07",Free T4 (FT4),1
"2022-07",Globulin,1
"2022-07",Glukosa,16
"2022-07",Glukosa (UR),1
"2022-07",Glukosa 2 Jam (GTT),1
"2022-07",Glukosa Darah 2 Jam PP,8
"2022-07",Glukosa Darah Puasa,22
"2022-07",Glukosa Darah Sewaktu,6
"2022-07",Glukosa Puasa (GTT),1
"2022-07",Hasil,952
"2022-07",HbA1C,11
"2022-07",HBsAg,1
"2022-07",HBsAg Rapid,7
"2022-07",Hematokrit,81
"2022-07",Hemoglobin,81
"2022-07",IGRA,2
"2022-07",Jamur,16
"2022-07",Kalium (K),3
"2022-07",Kejernihan,16
"2022-07",Kejernihan (UR),1
"2022-07",Keton,16
"2022-07",Klorida (Cl),3
"2022-07",Kolesterol HDL,25
"2022-07",Kolesterol LDL,4
"2022-07",Kolesterol LDL Direk,22
"2022-07",Kolesterol Total,32
"2022-07",Konsistensi,3
"2022-07",Kreatinin,19
"2022-07",Kristal,16
"2022-07",Kristal (UR),1
"2022-07",Lain - lain (UR),1
"2022-07",Laju Endap Darah (LED),37
"2022-07",Lekosit,97
"2022-07",Lekosit (UR),1
"2022-07",Leukosit,3
"2022-07",Limfosit,81
"2022-07",Limfosit Absolut,37
"2022-07",MCH,81
"2022-07",MCHC,81
"2022-07",MCV,81
"2022-07",Metamphetamine,17
"2022-07",Monosit,81
"2022-07",Morphine,17
"2022-07",Natrium (Na),3
"2022-07",Neutrofil,81
"2022-07",Neutrofil Absolut,37
"2022-07",Nitrit,16
"2022-07",NLR,81
"2022-07",pH,16
"2022-07",Protein,16
"2022-07",Protein (UR),1
"2022-07",Protrombine Time (PT),3
"2022-07",RDW,81
"2022-07",S. Parathyphi CH (Widal),14
"2022-07",S. Paratyphi AH (Widal),14
"2022-07",S. Paratyphi AO (Widal),14
"2022-07",S. Paratyphi BH (Widal),14
"2022-07",S. Paratyphi BO (Widal),14
"2022-07",S. Paratyphi CO (Widal),14
"2022-07",S. Typhi H (Widal),14
"2022-07",S. Typhi O (Widal),14
"2022-07",SARS-CoV2 Antibody (Kuantitatif),1
"2022-07",SGOT,14
"2022-07",SGPT,16
"2022-07",Silinder,16
"2022-07",Silinder (UR),1
"2022-07",Telur Cacing,3
"2022-07",Total Protein,2
"2022-07",TPHA,1
"2022-07",Trigliserida,28
"2022-07",Trombosit,81
"2022-07",TSHs,1
"2022-07",Ureum,17
"2022-07",Urobilinogen,16
"2022-07",VDRL,4
"2022-07",Vitamin D 25 OH,3
"2022-07",Warna,19
"2022-07",Warna (UR),1
"2022-08",ACA IgG,1
"2022-08",ACA IgM,1
"2022-08",Aglutinasi,1
"2022-08",Albumin,1
"2022-08",Amphetamine,21
"2022-08",Anti CMV IgG,2
"2022-08",Anti CMV IgM,2
"2022-08",Anti HIV Rapid Kualiatif,4
"2022-08",Anti Rubella IgG,1
"2022-08",Anti Rubella IgM,1
"2022-08",Anti S. Typhi IgM (Tubex),2
"2022-08",Anti Toxoplasma IgG,2
"2022-08",Anti Toxoplasma IgM,2
"2022-08",Anti-HBs kualitatif,3
"2022-08",Antigen SARS Cov-19 Nasal,213
"2022-08",Antigen SARS-CoV-2 ,1218
"2022-08",APTT,1
"2022-08",Asam Urat,20
"2022-08",Bakteri,26
"2022-08",Basofil,80
"2022-08",Benzodiazepin,21
"2022-08",Berat Jenis,26
"2022-08",Beta HCG Darah,1
"2022-08",Bilirubin,26
"2022-08",Bilirubin Bayi,3
"2022-08",Bilirubin Direk,3
"2022-08",Bilirubin Indirek,2
"2022-08",Bilirubin Total,1
"2022-08",Canabis / Mariyuana (THC),21
"2022-08",Cocaine,21
"2022-08",CRP Kuantitatif,3
"2022-08",D-dimer,5
"2022-08",Darah Samar,26
"2022-08",Dengue NS 1 Ag,1
"2022-08",eGFR,22
"2022-08",Eosinofil,80
"2022-08",Epitel,26
"2022-08",Eritrosit,108
"2022-08",Eritrosit ,1
"2022-08",Esterase Lekosit,26
"2022-08",Ferritin,5
"2022-08",Free T4 (FT4),2
"2022-08",Glukosa,26
"2022-08",Glukosa 2 Jam (GTT),1
"2022-08",Glukosa Darah 2 Jam PP,8
"2022-08",Glukosa Darah Puasa,19
"2022-08",Glukosa Darah Sewaktu,4
"2022-08",Glukosa Puasa (GTT),1
"2022-08",Hasil,1276
"2022-08",HbA1C,9
"2022-08",HBsAg,2
"2022-08",HBsAg Rapid,9
"2022-08",Hematokrit,80
"2022-08",Hemoglobin,80
"2022-08",Jamur,26
"2022-08",Jumlah Sperma,1
"2022-08",Kalium (K),1
"2022-08",Kejernihan,26
"2022-08",Keton,26
"2022-08",Klorida (Cl),1
"2022-08",Kolesterol HDL,17
"2022-08",Kolesterol LDL,2
"2022-08",Kolesterol LDL Direk,16
"2022-08",Kolesterol Total,26
"2022-08",Konsentrasi Sperma,1
"2022-08",Konsistensi,2
"2022-08",Kreatinin,22
"2022-08",Kristal,26
"2022-08",Laju Endap Darah (LED),47
"2022-08",LDH,1
"2022-08",Lekosit,106
"2022-08",Lekosit ,1
"2022-08",Leukosit,2
"2022-08",Limfosit,80
"2022-08",Limfosit Absolut,47
"2022-08",Masa Pembekuan (CT),1
"2022-08",Masa Perdarahan (BT),1
"2022-08",MCH,80
"2022-08",MCHC,80
"2022-08",MCV,80
"2022-08",Metamphetamine,21
"2022-08",Monosit,80
"2022-08",Morfologi Sperma Normal,1
"2022-08",Morphine,21
"2022-08",Natrium (Na),1
"2022-08",Neutrofil,80
"2022-08",Neutrofil Absolut,47
"2022-08",Nitrit,26
"2022-08",NLR,80
"2022-08",pH,27
"2022-08",Protein,26
"2022-08",Protrombine Time (PT),1
"2022-08",PSA Total,1
"2022-08",RDW,80
"2022-08",S. Parathyphi CH (Widal),20
"2022-08",S. Paratyphi AH (Widal),20
"2022-08",S. Paratyphi AO (Widal),20
"2022-08",S. Paratyphi BH (Widal),20
"2022-08",S. Paratyphi BO (Widal),20
"2022-08",S. Paratyphi CO (Widal),20
"2022-08",S. Typhi H (Widal),20
"2022-08",S. Typhi O (Widal),20
"2022-08",Serum Iron (S I),1
"2022-08",SGOT,13
"2022-08",SGPT,14
"2022-08",Silinder,26
"2022-08",T3 (Total),1
"2022-08",T4 (Total),1
"2022-08",Telur Cacing,2
"2022-08",Total Iron Binding Capacity - TIBC,1
"2022-08",Trigliserida,21
"2022-08",Trombosit,80
"2022-08",TSHs,2
"2022-08",Ureum,20
"2022-08",Urobilinogen,26
"2022-08",Viabilitas Sperma,1
"2022-08",Viskositas,1
"2022-08",Vitamin D 25 OH,5
"2022-08",Volume Sperma,1
"2022-08",Waktu Likuifaksi,1
"2022-08",Warna,28
"2022-08",Warna Sperma,1
"2022-09",Albumin,1
"2022-09",Amphetamine,22
"2022-09",Anti CMV IgG,4
"2022-09",Anti CMV IgM,2
"2022-09",Anti Dengue IgG,1
"2022-09",Anti Dengue IgM,1
"2022-09",Anti HBs,2
"2022-09",Anti HCV Rapid Kualitatif,1
"2022-09",Anti HIV Rapid Kualiatif,20
"2022-09",Anti Rubella IgG,3
"2022-09",Anti Rubella IgM,2
"2022-09",Anti Toxoplasma IgG,3
"2022-09",Anti Toxoplasma IgM,2
"2022-09",Antigen SARS Cov-19 Nasal,93
"2022-09",Antigen SARS-CoV-2 ,560
"2022-09",Asam Urat,30
"2022-09",Bakteri,29
"2022-09",Basofil,108
"2022-09",Benzodiazepin,22
"2022-09",Berat Jenis,29
"2022-09",Bilirubin,29
"2022-09",Bilirubin Bayi,1
"2022-09",Bilirubin Total,1
"2022-09",Canabis / Mariyuana (THC),22
"2022-09",Cocaine,22
"2022-09",CRP Kuantitatif,1
"2022-09",D-dimer,3
"2022-09",Darah Samar,29
"2022-09",Dengue NS 1 Ag,5
"2022-09",eGFR,23
"2022-09",Eosinofil,108
"2022-09",Epitel,29
"2022-09",Eritrosit,137
"2022-09",Esterase Lekosit,29
"2022-09",Free T3 (FT3),1
"2022-09",Gamma GT,2
"2022-09",Glukosa,29
"2022-09",Glukosa 2 Jam (GTT),1
"2022-09",Glukosa Darah 2 Jam PP,6
"2022-09",Glukosa Darah Puasa,29
"2022-09",Glukosa Darah Sewaktu,24
"2022-09",Glukosa Puasa (GTT),1
"2022-09",Hasil,529
"2022-09",HbA1C,8
"2022-09",HBsAg,2
"2022-09",HBsAg Rapid,18
"2022-09",Hematokrit,108
"2022-09",Hemoglobin,110
"2022-09",Insulin Puasa,2
"2022-09",Jamur,29
"2022-09",Kalium (K),4
"2022-09",Kalsium (Ca),3
"2022-09",Kejernihan,29
"2022-09",Keton,29
"2022-09",Klorida (Cl),1
"2022-09",Kolesterol HDL,24
"2022-09",Kolesterol LDL,18
"2022-09",Kolesterol LDL Direk,6
"2022-09",Kolesterol Total,32
"2022-09",Kreatinin,23
"2022-09",Kristal,29
"2022-09",Laju Endap Darah (LED),53
"2022-09",Lekosit,137
"2022-09",Limfosit,108
"2022-09",Limfosit Absolut,53
"2022-09",Masa Pembekuan (CT),1
"2022-09",Masa Perdarahan (BT),1
"2022-09",MCH,108
"2022-09",MCHC,108
"2022-09",MCV,108
"2022-09",Metamphetamine,22
"2022-09",Monosit,108
"2022-09",Morphine,22
"2022-09",Natrium (Na),3
"2022-09",Neutrofil,108
"2022-09",Neutrofil Absolut,53
"2022-09",Nitrit,29
"2022-09",NLR,108
"2022-09",pH,29
"2022-09",Protein,29
"2022-09",Protrombine Time (PT),1
"2022-09",RDW,108
"2022-09",S. Parathyphi CH (Widal),30
"2022-09",S. Paratyphi AH (Widal),30
"2022-09",S. Paratyphi AO (Widal),30
"2022-09",S. Paratyphi BH (Widal),30
"2022-09",S. Paratyphi BO (Widal),30
"2022-09",S. Paratyphi CO (Widal),30
"2022-09",S. Typhi H (Widal),30
"2022-09",S. Typhi O (Widal),30
"2022-09",SARS-CoV2 Antibody (Kuantitatif),1
"2022-09",SGOT,17
"2022-09",SGPT,17
"2022-09",Silinder,29
"2022-09",T3 (Total),2
"2022-09",T4 (Total),2
"2022-09",TPHA,5
"2022-09",Trigliserida,24
"2022-09",Trombosit,108
"2022-09",TSHs,1
"2022-09",Ureum,22
"2022-09",Urobilinogen,29
"2022-09",VDRL,8
"2022-09",Vitamin D 25 OH,4
"2022-09",Warna,29
"2022-10",ACA IgG,1
"2022-10",ACA IgM,1
"2022-10",Aglutinasi,1
"2022-10",Albumin,4
"2022-10",Amphetamine,8
"2022-10",Anti CMV IgG,1
"2022-10",Anti CMV IgM,1
"2022-10",Anti HBs,4
"2022-10",Anti HCV Rapid Kualitatif,2
"2022-10",Anti HIV,2
"2022-10",Anti HIV Rapid Kualiatif,9
"2022-10",Anti Rubella IgG,1
"2022-10",Anti Rubella IgM,1
"2022-10",Anti Toxoplasma IgM,1
"2022-10",Anti-HBs kualitatif,1
"2022-10",Antigen SARS Cov-19 Nasal,50
"2022-10",Antigen SARS-CoV-2 ,337
"2022-10",Asam Urat,26
"2022-10",Bakteri,16
"2022-10",Basofil,79
"2022-10",Benzodiazepin,8
"2022-10",Berat Jenis,16
"2022-10",Bilirubin,16
"2022-10",Bilirubin Bayi,2
"2022-10",Bilirubin Total,1
"2022-10",CA 125,1
"2022-10",Canabis / Mariyuana (THC),8
"2022-10",Cocaine,8
"2022-10",Complemen C3,1
"2022-10",Complemen C4,1
"2022-10",D-dimer,2
"2022-10",Darah Samar,16
"2022-10",eGFR,18
"2022-10",Eosinofil,79
"2022-10",Epitel,16
"2022-10",Eritrosit,95
"2022-10",Eritrosit ,1
"2022-10",Esterase Lekosit,16
"2022-10",Ferritin,5
"2022-10",Free T3 (FT3),2
"2022-10",Free T4 (FT4),3
"2022-10",Globulin,1
"2022-10",Glukosa,16
"2022-10",Glukosa 2 Jam (GTT),1
"2022-10",Glukosa Darah 2 Jam PP,9
"2022-10",Glukosa Darah Puasa,23
"2022-10",Glukosa Darah Sewaktu,14
"2022-10",Glukosa Puasa (GTT),1
"2022-10",Hasil,296
"2022-10",HbA1C,14
"2022-10",HBsAg,4
"2022-10",HBsAg Rapid,13
"2022-10",Hematokrit,79
"2022-10",Hemoglobin,79
"2022-10",Jamur,16
"2022-10",Jumlah Sperma,1
"2022-10",Kalium (K),2
"2022-10",Kalsium (Ca),1
"2022-10",Kejernihan,16
"2022-10",Keton,16
"2022-10",Klorida (Cl),2
"2022-10",Kolesterol HDL,23
"2022-10",Kolesterol LDL,17
"2022-10",Kolesterol LDL Direk,9
"2022-10",Kolesterol Total,30
"2022-10",Konsentrasi Sperma,1
"2022-10",Kreatinin,18
"2022-10",Kristal,16
"2022-10",LA 1 (Lupus Antikoagulan),1
"2022-10",LA 2 (Lupus Antikoagulan),1
"2022-10",Laju Endap Darah (LED),23
"2022-10",Lekosit,95
"2022-10",Lekosit ,1
"2022-10",Limfosit,79
"2022-10",Limfosit Absolut,23
"2022-10",Masa Pembekuan (CT),2
"2022-10",Masa Perdarahan (BT),2
"2022-10",MCH,79
"2022-10",MCHC,79
"2022-10",MCV,79
"2022-10",Metamphetamine,8
"2022-10",Mikroskopik (PA Jaringan Sedang),1
"2022-10",Monosit,79
"2022-10",Morfologi Sperma Normal,1
"2022-10",Morphine,8
"2022-10",Natrium (Na),2
"2022-10",Neutrofil,79
"2022-10",Neutrofil Absolut,23
"2022-10",Nitrit,16
"2022-10",NLR,79
"2022-10",pH,17
"2022-10",Protein,16
"2022-10",PSA Total,1
"2022-10",RDW,79
"2022-10",S. Parathyphi CH (Widal),23
"2022-10",S. Paratyphi AH (Widal),23
"2022-10",S. Paratyphi AO (Widal),23
"2022-10",S. Paratyphi BH (Widal),23
"2022-10",S. Paratyphi BO (Widal),23
"2022-10",S. Paratyphi CO (Widal),23
"2022-10",S. Typhi H (Widal),23
"2022-10",S. Typhi O (Widal),23
"2022-10",Serum Iron (S I),1
"2022-10",SGOT,13
"2022-10",SGPT,15
"2022-10",Silinder,16
"2022-10",Total Iron Binding Capacity - TIBC,1
"2022-10",Total Protein,3
"2022-10",TPHA,1
"2022-10",Trigliserida,27
"2022-10",Trombosit,79
"2022-10",TSHs,4
"2022-10",Ureum,14
"2022-10",Urobilinogen,16
"2022-10",VDRL,1
"2022-10",Viabilitas Sperma,1
"2022-10",Viskositas,1
"2022-10",Vitamin D 25 OH,5
"2022-10",Volume Sperma,1
"2022-10",Waktu Likuifaksi,1
"2022-10",Warna,16
"2022-10",Warna Sperma,1
"2022-11",Aglutinasi,2
"2022-11",Albumin,3
"2022-11",Amphetamine,2
"2022-11",Anti CMV IgG,2
"2022-11",Anti CMV IgM,1
"2022-11",Anti Dengue IgG,3
"2022-11",Anti Dengue IgM,3
"2022-11",Anti HCV,1
"2022-11",Anti HCV Rapid Kualitatif,106
"2022-11",Anti HIV,1
"2022-11",Anti HIV Rapid Kualiatif,7
"2022-11",Anti HSV II IgG,2
"2022-11",Anti Mulerian Hormon (AMH),1
"2022-11",Anti Rubella IgG,2
"2022-11",Anti Rubella IgM,1
"2022-11",Anti Toxoplasma IgG,3
"2022-11",Anti Toxoplasma IgM,2
"2022-11",Anti-HBs kualitatif,105
"2022-11",Antigen SARS Cov-19 Nasal,68
"2022-11",Antigen SARS-CoV-2 ,653
"2022-11",APTT,1
"2022-11",Asam Urat,124
"2022-11",ASTO/ ASO,1
"2022-11",Aviditas Anti Toxoplasma IgG,1
"2022-11",Bakteri,118
"2022-11",Basofil,179
"2022-11",Benzodiazepin,2
"2022-11",Berat Jenis,118
"2022-11",Bilirubin,118
"2022-11",CA 125,1
"2022-11",Canabis / Mariyuana (THC),2
"2022-11",Cocaine,2
"2022-11",CRP Kualitatif,1
"2022-11",CRP Kuantitatif,4
"2022-11",D-dimer,2
"2022-11",Darah Samar,120
"2022-11",Dengue NS 1 Ag,6
"2022-11",eGFR,106
"2022-11",Eosinofil,179
"2022-11",Epitel,118
"2022-11",Eritrosit,301
"2022-11",Eritrosit ,2
"2022-11",Esterase Lekosit,118
"2022-11",Ferritin,2
"2022-11",FSH,1
"2022-11",Gamma GT,103
"2022-11",Glukosa,118
"2022-11",Glukosa 2 Jam (GTT),2
"2022-11",Glukosa Darah 2 Jam PP,3
"2022-11",Glukosa Darah Puasa,124
"2022-11",Glukosa Darah Sewaktu,9
"2022-11",Glukosa POCT,1
"2022-11",Glukosa Puasa (GTT),2
"2022-11",Hasil,637
"2022-11",HbA1C,114
"2022-11",HBeAg,1
"2022-11",HBsAg,106
"2022-11",HBsAg Rapid,6
"2022-11",Hematokrit,179
"2022-11",Hemoglobin,179
"2022-11",Hs-CRP,1
"2022-11",IGRA,1
"2022-11",Jamur,118
"2022-11",Jumlah Sperma,2
"2022-11",Kalium (K),2
"2022-11",Kalsium (Ca),1
"2022-11",Kejernihan,118
"2022-11",Keton,118
"2022-11",Klorida (Cl),2
"2022-11",Kolesterol HDL,123
"2022-11",Kolesterol LDL,122
"2022-11",Kolesterol LDL Direk,3
"2022-11",Kolesterol Total,129
"2022-11",Konsentrasi Sperma,2
"2022-11",Konsistensi,4
"2022-11",Kreatinin,117
"2022-11",Kristal,118
"2022-11",Laju Endap Darah (LED),141
"2022-11",Lekosit,297
"2022-11",Lekosit ,2
"2022-11",Leukosit,4
"2022-11",Limfosit,179
"2022-11",Limfosit Absolut,142
"2022-11",Masa Pembekuan (CT),2
"2022-11",Masa Perdarahan (BT),1
"2022-11",MCH,179
"2022-11",MCHC,179
"2022-11",MCV,179
"2022-11",Metamphetamine,2
"2022-11",Monosit,179
"2022-11",Morfologi Sperma Normal,2
"2022-11",Morphine,2
"2022-11",Natrium (Na),2
"2022-11",Neutrofil,179
"2022-11",Neutrofil Absolut,142
"2022-11",Nitrit,118
"2022-11",NLR,179
"2022-11",pH,120
"2022-11",Protein,118
"2022-11",Protrombine Time (PT),2
"2022-11",PSA Total,68
"2022-11",Ratio Kolesterol Total / HDL,103
"2022-11",RDW,179
"2022-11",Rheumatoid Faktor (RF),1
"2022-11",S. Parathyphi CH (Widal),18
"2022-11",S. Paratyphi AH (Widal),18
"2022-11",S. Paratyphi AO (Widal),18
"2022-11",S. Paratyphi BH (Widal),18
"2022-11",S. Paratyphi BO (Widal),18
"2022-11",S. Paratyphi CO (Widal),18
"2022-11",S. Typhi H (Widal),18
"2022-11",S. Typhi O (Widal),18
"2022-11",SARS-CoV2 Antibody (Kuantitatif),1
"2022-11",SGOT,115
"2022-11",SGPT,116
"2022-11",Silinder,118
"2022-11",Telur Cacing,4
"2022-11",Testosteron,1
"2022-11",TPHA,2
"2022-11",Trigliserida,128
"2022-11",Trombosit,179
"2022-11",Troponin I,1
"2022-11",Ureum,115
"2022-11",Urobilinogen,118
"2022-11",VDRL,3
"2022-11",Viabilitas Sperma,2
"2022-11",Viskositas,2
"2022-11",Vitamin D 25 OH,2
"2022-11",Volume Sperma,2
"2022-11",Waktu Likuifaksi,2
"2022-11",Warna,122
"2022-11",Warna Sperma,2
"2022-12",Aglutinasi,3
"2022-12",Albumin,2
"2022-12",Amphetamine,3
"2022-12",Anti Dengue IgG,2
"2022-12",Anti Dengue IgM,2
"2022-12",Anti H. Pylori IgG,1
"2022-12",Anti H. Pylori IgM,1
"2022-12",Anti HBs,3
"2022-12",Anti HCV Rapid Kualitatif,1
"2022-12",Anti HIV Rapid Kualiatif,8
"2022-12",Anti S. Typhi IgM (Tubex),1
"2022-12",Antigen SARS Cov-19 Nasal,37
"2022-12",Antigen SARS-CoV-2 ,313
"2022-12",Asam Urat,24
"2022-12",Bakteri,26
"2022-12",Basofil,80
"2022-12",Benzodiazepin,3
"2022-12",Berat Jenis,25
"2022-12",Bilirubin,25
"2022-12",Bilirubin Total,4
"2022-12",Canabis / Mariyuana (THC),3
"2022-12",Cocaine,3
"2022-12",CRP Kuantitatif,4
"2022-12",D-dimer,1
"2022-12",Darah Samar,25
"2022-12",Dengue NS 1 Ag,1
"2022-12",eGFR,13
"2022-12",Eosinofil,81
"2022-12",Epitel,25
"2022-12",Eritrosit,107
"2022-12",Eritrosit ,3
"2022-12",Esterase Lekosit,25
"2022-12",Ferritin,4
"2022-12",Fibrinogen,1
"2022-12",G6PD,1
"2022-12",Gamma GT,4
"2022-12",Glukosa,25
"2022-12",Glukosa Darah 2 Jam PP,7
"2022-12",Glukosa Darah Puasa,30
"2022-12",Glukosa Darah Sewaktu,10
"2022-12",Hasil,299
"2022-12",HbA1C,20
"2022-12",HBsAg Rapid,24
"2022-12",HCV RNA Kualitatif,1
"2022-12",Hematokrit,81
"2022-12",Hemoglobin,81
"2022-12",IGRA,2
"2022-12",Jamur,26
"2022-12",Jumlah Sperma,3
"2022-12",Kalium (K),2
"2022-12",Kejernihan,25
"2022-12",Keton,26
"2022-12",Klorida (Cl),1
"2022-12",Kolesterol HDL,29
"2022-12",Kolesterol LDL,21
"2022-12",Kolesterol LDL Direk,8
"2022-12",Kolesterol Total,40
"2022-12",Konsentrasi Sperma,3
"2022-12",Konsistensi,1
"2022-12",Kreatinin,31
"2022-12",Kristal,25
"2022-12",Laju Endap Darah (LED),46
"2022-12",Lekosit,104
"2022-12",Lekosit ,3
"2022-12",Leukosit,1
"2022-12",Limfosit,81
"2022-12",Limfosit Absolut,46
"2022-12",MCH,81
"2022-12",MCHC,81
"2022-12",MCV,81
"2022-12",Metamphetamine,3
"2022-12",Monosit,81
"2022-12",Morfologi Sperma Normal,3
"2022-12",Morphine,3
"2022-12",Natrium (Na),1
"2022-12",Neutrofil,81
"2022-12",Neutrofil Absolut,46
"2022-12",Nitrit,25
"2022-12",NLR,81
"2022-12",pH,29
"2022-12",Progesteron,1
"2022-12",Protein,25
"2022-12",Protrombine Time (PT),1
"2022-12",Ratio Kolesterol Total / HDL,3
"2022-12",RDW,81
"2022-12",S. Parathyphi CH (Widal),11
"2022-12",S. Paratyphi AH (Widal),11
"2022-12",S. Paratyphi AO (Widal),11
"2022-12",S. Paratyphi BH (Widal),11
"2022-12",S. Paratyphi BO (Widal),11
"2022-12",S. Paratyphi CO (Widal),11
"2022-12",S. Typhi H (Widal),11
"2022-12",S. Typhi O (Widal),11
"2022-12",Serum Iron (S I),1
"2022-12",SGOT,20
"2022-12",SGPT,19
"2022-12",Silinder,25
"2022-12",Telur Cacing,1
"2022-12",Tiroglobulin (H TG),1
"2022-12",Total Protein,1
"2022-12",TPHA,5
"2022-12",Trigliserida,32
"2022-12",Trombosit,80
"2022-12",TSH Neonatus,1
"2022-12",TSHs,3
"2022-12",Ureum,30
"2022-12",Urobilinogen,25
"2022-12",VDRL,5
"2022-12",Viabilitas Sperma,3
"2022-12",Viskositas,3
"2022-12",Vitamin D 25 OH,3
"2022-12",Volume Sperma,3
"2022-12",Waktu Likuifaksi,3
"2022-12",Warna,26
"2022-12",Warna Sperma,3
"2023-01",Aglutinasi,5
"2023-01",Albumin,1
"2023-01",Alkali Fosfatase,1
"2023-01",Amphetamine,4
"2023-01",ANA,1
"2023-01",Anti ds-DNA,1
"2023-01",Anti HIV Rapid Kualiatif,8
"2023-01",Anti S. Typhi IgM (Tubex),2
"2023-01",Antigen SARS Cov-19 Nasal,11
"2023-01",Antigen SARS-CoV-2 ,194
"2023-01",Asam Urat,24
"2023-01",Bakteri,23
"2023-01",Basofil,65
"2023-01",Benzodiazepin,4
"2023-01",Berat Jenis,24
"2023-01",Bilirubin,25
"2023-01",Bilirubin Direk,1
"2023-01",Bilirubin Total,2
"2023-01",CA 125,2
"2023-01",Canabis / Mariyuana (THC),4
"2023-01",CEA,1
"2023-01",Cocaine,4
"2023-01",CRP Kuantitatif,1
"2023-01",Darah Samar,23
"2023-01",Dengue NS 1 Ag,2
"2023-01",eGFR,13
"2023-01",Eosinofil,65
"2023-01",Epitel,24
"2023-01",Eritrosit,90
"2023-01",Eritrosit ,5
"2023-01",Esterase Lekosit,23
"2023-01",Ferritin,3
"2023-01",Fibrinogen,1
"2023-01",Free T4 (FT4),2
"2023-01",FSH,1
"2023-01",Gamma GT,2
"2023-01",Glukosa,24
"2023-01",Glukosa 2 Jam (GTT),2
"2023-01",Glukosa Darah 2 Jam PP,4
"2023-01",Glukosa Darah Puasa,20
"2023-01",Glukosa Darah Sewaktu,9
"2023-01",Glukosa Puasa (GTT),2
"2023-01",Hasil,111
"2023-01",Hb A2 (Analisa Hb),1
"2023-01",Hb F (Analisa Hb),1
"2023-01",HbA1C,12
"2023-01",HBsAg,1
"2023-01",HBsAg Rapid,5
"2023-01",Hematokrit,65
"2023-01",Hemoglobin,65
"2023-01",Jamur,23
"2023-01",Jumlah Sperma,5
"2023-01",Kalium (K),1
"2023-01",Kejernihan,24
"2023-01",Keton,25
"2023-01",Klorida (Cl),1
"2023-01",Kolesterol HDL,17
"2023-01",Kolesterol LDL,16
"2023-01",Kolesterol LDL Direk,3
"2023-01",Kolesterol Total,31
"2023-01",Konsentrasi Sperma,5
"2023-01",Konsistensi,1
"2023-01",Kreatinin,22
"2023-01",Kristal,23
"2023-01",Laju Endap Darah (LED),32
"2023-01",Lekosit,89
"2023-01",Lekosit ,5
"2023-01",Leukosit,1
"2023-01",LH,1
"2023-01",Limfosit,66
"2023-01",Limfosit Absolut,32
"2023-01",Masa Pembekuan (CT),1
"2023-01",MCH,65
"2023-01",MCHC,65
"2023-01",MCV,65
"2023-01",Metamphetamine,4
"2023-01",Monosit,66
"2023-01",Morfologi Sperma Normal,5
"2023-01",Morphine,4
"2023-01",Natrium (Na),1
"2023-01",Neutrofil,66
"2023-01",Neutrofil Absolut,32
"2023-01",Nitrit,24
"2023-01",NLR,65
"2023-01",pH,28
"2023-01",Protein,24
"2023-01",RDW,65
"2023-01",Retikulosit,1
"2023-01",S. Parathyphi CH (Widal),12
"2023-01",S. Paratyphi AH (Widal),12
"2023-01",S. Paratyphi AO (Widal),12
"2023-01",S. Paratyphi BH (Widal),12
"2023-01",S. Paratyphi BO (Widal),12
"2023-01",S. Paratyphi CO (Widal),12
"2023-01",S. Typhi H (Widal),12
"2023-01",S. Typhi O (Widal),12
"2023-01",Serum Iron (S I),1
"2023-01",SGOT,13
"2023-01",SGPT,15
"2023-01",Silinder,23
"2023-01",Telur Cacing,1
"2023-01",Testosteron,1
"2023-01",TPHA,4
"2023-01",Trigliserida,20
"2023-01",Trombosit,65
"2023-01",TSHs,2
"2023-01",Ureum,19
"2023-01",Urobilinogen,23
"2023-01",VDRL,4
"2023-01",Viabilitas Sperma,5
"2023-01",Viskositas,5
"2023-01",Vitamin D 25 OH,2
"2023-01",Volume Sperma,4
"2023-01",Waktu Likuifaksi,5
"2023-01",Warna,24
"2023-01",Warna Sperma,4
"2023-02",Albumin,3
"2023-02",Alkali Fosfatase,2
"2023-02",Amphetamine,3
"2023-02",Anti HIV Rapid I,1
"2023-02",Anti HIV Rapid II,1
"2023-02",Anti HIV Rapid III,1
"2023-02",Anti HIV Rapid Kualiatif,9
"2023-02",Anti S. Typhi IgM (Tubex),1
"2023-02",Anti-HBs kualitatif,1
"2023-02",Antigen SARS Cov-19 Nasal,8
"2023-02",Antigen SARS-CoV-2 ,172
"2023-02",Asam Urat,18
"2023-02",Bakteri,20
"2023-02",Basofil,72
"2023-02",Benzodiazepin,3
"2023-02",Berat Jenis,20
"2023-02",Beta HCG Darah,1
"2023-02",Bilirubin,19
"2023-02",Bilirubin Direk,1
"2023-02",Bilirubin Indirek,1
"2023-02",Bilirubin Total,4
"2023-02",BMI,3
"2023-02",CA 125,1
"2023-02",Canabis / Mariyuana (THC),3
"2023-02",Cholinesterasi (CHE),1
"2023-02",Cocaine,3
"2023-02",CRP Kuantitatif,3
"2023-02",Darah Samar,21
"2023-02",Dengue NS 1 Ag,1
"2023-02",eGFR,21
"2023-02",Eosinofil,73
"2023-02",Epitel,20
"2023-02",Eritrosit,92
"2023-02",Esterase Lekosit,20
"2023-02",Ferritin,3
"2023-02",Free T4 (FT4),1
"2023-02",Gamma GT,1
"2023-02",Glukosa,21
"2023-02",Glukosa Darah 2 Jam PP,9
"2023-02",Glukosa Darah Puasa,27
"2023-02",Glukosa Darah Sewaktu,8
"2023-02",Hasil,97
"2023-02",HAV IgG,1
"2023-02",HAV IgM,1
"2023-02",HbA1C,4
"2023-02",HBsAg,1
"2023-02",HBsAg Rapid,20
"2023-02",Hematokrit,70
"2023-02",Hemoglobin,70
"2023-02",IGRA,2
"2023-02",Jamur,21
"2023-02",Kalium (K),6
"2023-02",Kalsium (Ca),1
"2023-02",Kejernihan,20
"2023-02",Keton,20
"2023-02",Klorida (Cl),6
"2023-02",Kolesterol HDL,28
"2023-02",Kolesterol LDL,27
"2023-02",Kolesterol LDL Direk,2
"2023-02",Kolesterol Total,33
"2023-02",Kreatinin,23
"2023-02",Kristal,20
"2023-02",Laju Endap Darah (LED),29
"2023-02",Lekosit,92
"2023-02",Limfosit,72
"2023-02",Limfosit Absolut,29
"2023-02",Masa Pembekuan (CT),1
"2023-02",Masa Perdarahan (BT),1
"2023-02",MCH,71
"2023-02",MCHC,72
"2023-02",MCV,72
"2023-02",Metamphetamine,3
"2023-02",Monosit,72
"2023-02",Morphine,3
"2023-02",Natrium (Na),6
"2023-02",Neutrofil,73
"2023-02",Neutrofil Absolut,29
"2023-02",Nitrit,20
"2023-02",NLR,73
"2023-02",pH,20
"2023-02",Protein,21
"2023-02",Protrombine Time (PT),1
"2023-02",RDW,73
"2023-02",S. Parathyphi CH (Widal),12
"2023-02",S. Paratyphi AH (Widal),12
"2023-02",S. Paratyphi AO (Widal),12
"2023-02",S. Paratyphi BH (Widal),12
"2023-02",S. Paratyphi BO (Widal),12
"2023-02",S. Paratyphi CO (Widal),12
"2023-02",S. Typhi H (Widal),12
"2023-02",S. Typhi O (Widal),12
"2023-02",SGOT,12
"2023-02",SGPT,12
"2023-02",Silinder,20
"2023-02",T3 (Total),2
"2023-02",T4 (Total),2
"2023-02",Testosteron,1
"2023-02",Tiroglobulin (H TG),1
"2023-02",TPHA,2
"2023-02",Trigliserida,31
"2023-02",Trombosit,72
"2023-02",TSH Neonatus,2
"2023-02",TSHs,3
"2023-02",Ureum,21
"2023-02",Urobilinogen,20
"2023-02",VDRL,2
"2023-02",Vitamin D 25 OH,2
"2023-02",Warna,21
